Sequence Name,Base Sequence,N_Self,N_Complement,O_Oligo,O_Oligo_Last-9-Bases,N_Oligo-Probe-PS3,N_Oligo-Probe-c.PS3
n0--B1-A2-zPS3,AGAAAGGAACAACTAAAGGAATTCAAAAAAATTGGGAGGA,1287300,12345679012345679012345679012345706573460,22200,16690,12376350,360
n0--A2-A4-zPS3,AGGCTCCAGAGGCTTTGAGGACACGGGTAATTGGGAGGA,54360,1234567901234567901234567901234568466310,21960,15870,12489530,13810
n0--A4-A6-zPS3,AATACGTTTGAAAGAGGACAGACTGACCTTTTGGGAGGA,54360,1234567901234567901234567901234568202350,22170,16400,12474490,1590
n0--A6-A8-zPS3,CATCAAGTAAAACGAACTAACGAGTTGAGATTGGGAGGA,66940,1234567901234567901234567901234568178690,34170,4030,12351910,360
n0--A8-A10-zPS3,TTTAGGACAAATGCTTTAAACAATCAGGTCTTGGGAGGA,1279700,1234567901234567901234567901234567997730,24630,5560,12363770,720
n0--A10-A12-zPS3,TTTACCCCAACATGTTTTAAATTTCCATATTTGGGAGGA,126256340,1234567901234567901234567901234567987990,174870,142550,12348610,5640
n0--A12-A14-zPS3,AACAGTTTTGTACCAAAAACATTTTATTTCTTGGGAGGA,611860,1234567901234567901234567901234568031470,300770,14270,12348730,720
n0--A14-A16-zPS3,AACGCAAAATCGATGAACGGTACCGGTTGATTGGGAGGA,125965940,1234567901234567901234567901234567970290,35490,15120,12350050,600
n0--A16-A18-zPS3,TAATCAGCGGATTGACCGTAATCGTAACCGTTGGGAGGA,67240,1234567901234567901234567901234568659530,34030,4820,12351550,1200
n0--A18-A20-zPS3,TGCATCTTTCCCAGTCACGACGGCCTGCAGTTGGGAGGA,1547740,1234567901234567901234567901234567961950,146650,129570,12349450,16000
n0--A20-A22-zPS3,GTCGACTTCGGCCAACGCGCGGGGTTTTTCTTGGGAGGA,2542820,1234567901234567901234567901234567980850,22050,14220,12352270,1320
n0--A22-A24-zPS3,TTTTCACTCAAAGGGCGAAAAACCATCACCTTGGGAGGA,322300,1234567901234567901234567901234567982650,161950,19590,12351670,3660
n0--B3-B1-zPS3,ACGGCTACAAAAGGAGCCTTTAATGTGAGAATTTGGGAGGA,338400,123456790123456790123456790123456790195210,158010,17500,12375360,1590
n0--B5-B3-zPS3,GACCAACTAATGCCACTACGAAGGGGGTAGCATTGGGAGGA,309880,123456790123456790123456790123456790197190,155700,138500,12354730,960
n0--B7-B5-zPS3,TACGTTAAAGTAATCTTGACAAGAACCGAACTTTGGGAGGA,542900,123456790123456790123456790123456790169270,260300,128220,12349570,840
n0--B9-B7-zPS3,ATCCCCCTATACCACATTCAACTAGAAAAATCTTGGGAGGA,81040,123456790123456790123456790123456790192990,29210,23410,12348970,18820
n0--B11-B9-zPS3,CTGTAGCTTGACTATTATAGTCAGTTCATTGATTGGGAGGA,24737140,123456790123456790123456790123456790199410,12357350,4480,12349450,840
n0--B13-B11-zPS3,TAAATCGGGATTCCCAATTCTGCGATATAATGTTGGGAGGA,2600760,123456790123456790123456790123456790199410,1282800,1237710,12362780,14530
n0--B15-B13-zPS3,AACAAGAGGGATAAAAATTTTTAGCATAAAGCTTGGGAGGA,1234569253520,123456790123456790123456790123456790498310,1295350,16320,12375240,120
n0--B17-B15-zPS3,ACAAACGGAAAAGCCCCAAAAACACTGGAGCATTGGGAGGA,261000,123456790123456790123456790123456790316130,131130,128250,12365000,3180
n0--B19-B17-zPS3,CCAGGGTTGCCAGTTTGAGGGGACCCGTGGGATTGGGAGGA,52400,123456790123456790123456790123456790536790,26990,5070,12393100,2430
n0--B21-B19-zPS3,TTAATGAACTAGAGGATCCCCGGGTGGGTAACGTTGGGAGGA,3776260,1234567901234567901234567901234567901554660,28850,18530,12477310,15400
n0--B23-B21-zPS3,CTCCAACGCAGTGAGACGGGCAACCAGCTGCATTGGGAGGA,1340320,123456790123456790123456790123456790176710,48990,29780,12352150,14170
n0--A24-B23-zPS3,CAAATCAAGTTTTTTGGGGTCGAAACGTGGATTGGGAGGA,125900,12345679012345679012345679012345679563060,51670,16110,12354610,480
n0--D1-C2-zPS3,ACAACTTTCAACAGTTTCAGCGGATGTATCGGTTGGGAGGA,90360,123456790123456790123456790123456790417970,46150,26420,12351790,840
n0--C2-C4-zPS3,TTTATCAGGACAGCATCGGAACGACACCAACCTTGGGAGGA,39260,123456790123456790123456790123456790201390,20610,17140,12365240,2310
n0--C4-C6-zPS3,TAAAACGAGGTCAATCATAAGGGAACCGGATATTGGGAGGA,63820,123456790123456790123456790123456790209970,20470,15740,12378930,840
n0--C6-C8-zPS3,TTCATTACGTCAGGACGTTGGGAAATGCAGATTTGGGAGGA,341500,123456790123456790123456790123456792665590,153610,14060,12376590,480
n0--C8-C10-zPS3,ACATAACGGGAATCGTCATAAATAAAGCAAAGTTGGGAGGA,14580,123456790123456790123456790123456790709490,7910,4460,12362780,480
n0--C10-C12-zPS3,CGGATTGCAGAGCTTAATTGCTGAAACGAGTATTGGGAGGA,66940,123456790123456790123456790123456790443370,10200,2640,12354250,240
n0--C12-C14-zPS3,GATTTAGTCAATAAAGCCTCAGAGAACCCTCATTGGGAGGA,117440,123456790123456790123456790123456790392270,59460,40490,12350800,26990
n0--C14-C16-zPS3,TATATTTTGTCATTGCCTGAGAGTGGAAGATTTTGGGAGGA,36680,123456790123456790123456790123456792640830,7190,2700,12354250,1710
n0--C16-C18-zPS3,GTATAAGCCAACCCGTCGGATTCTGACGACAGTTGGGAGGA,324020,123456790123456790123456790123456790140450,156750,128200,12351910,2670
n0--C18-C20-zPS3,TATCGGCCGCAAGGCGATTAAGTTTACCGAGCTTGGGAGGA,1349840,123456790123456790123456790123456790150290,47420,15660,12352150,1080
n0--C20-C22-zPS3,TCGAATTCGGGAAACCTGTCGTGCAGCTGATTTTGGGAGGA,124739840,123456790123456790123456790123456790176230,26670,7020,12363140,2310
n0--C22-C24-zPS3,GCCCTTCAGAGTCCACTATTAAAGGGTGCCGTTTGGGAGGA,286720,123456790123456790123456790123456790143150,138170,9370,12352900,6120
n0--D3-D1-zPS3,CAGCGAAACTTGCTTTCGAGGTGTTGCTAATTGGGAGGA,285800,1234567901234567901234567901234568191070,131570,2090,12361670,600
n0--D5-D3-zPS3,GCGCAGACAAGAGGCAAAAGAATCCCTCAGTTGGGAGGA,99280,1234567901234567901234567901234567975450,44300,30010,12362270,26270
n0--D7-D5-zPS3,TTATACCACCAAATCAACGTAACGAACGAGTTGGGAGGA,96300,1234567901234567901234567901234568235270,36770,29980,12350200,960
n0--D9-D7-zPS3,AATACTGCCCAAAAGGAATTACGTGGCTCATTGGGAGGA,292340,1234567901234567901234567901234567947890,134810,128910,12362660,3180
n0--D11-D9-zPS3,GATGGCTTATCAAAAAGATTAAGAGCGTCCTTGGGAGGA,87260,1234567901234567901234567901234567973290,38170,18630,12351040,14050
n0--D13-D11-zPS3,AAATTAAGTTGACCATTAGATACTTTTGCGTTGGGAGGA,68380,1234567901234567901234567901234567968310,22960,2700,12349330,480
n0--D15-D13-zPS3,GCTATCAGAAATGCAATGCCTGAATTAGCATTGGGAGGA,2808960,1234567901234567901234567901234568170050,1392830,1362120,12349330,1830
n0--D17-D15-zPS3,GCGAGTAAAAATATTTAAATTGTTACAAAGTTGGGAGGA,247019680,1234567901234567901234567901234568013210,72360,2620,12350080,0
n0--D19-D17-zPS3,GATGTGCTTCAGGAAGATCGCACAATGTGATTGGGAGGA,346900,1234567901234567901234567901234568192510,167990,16310,12363140,600
n0--D21-D19-zPS3,TTCCAGTCGTAATCATGGTCATAAAAGGGGTTGGGAGGA,30520,1234567901234567901234567901234567957430,10050,5590,12353260,3300
n0--D23-D21-zPS3,TGGAACAACCGCCTGGCCCTGAGGCCCGCTTTGGGAGGA,100140,1234567901234567901234567901234568250270,38800,8580,12364250,6480
n0--C24-D23-zPS3,AAAGCACTAAATCGGAACCCTAATCCAGTTTTGGGAGGA,36000,1234567901234567901234567901234567968370,18640,14590,12351430,5760
n0--F1-E2-zPS3,TAAATGAATTTTCTGTATGGGATTAATTTCTTTTGGGAGGA,1360760,123456790123456790123456790123456790931870,53080,4570,12362780,720
n0--E2-E4-zPS3,AAACAGCTTTTTGCGGGATCGTCAACACTAAATTGGGAGGA,63900,123456790123456790123456790123456790216230,14770,7120,12362660,720
n0--E4-E6-zPS3,ACACTCATCCATGTTACTTAGCCGAAAGCTGCTTGGGAGGA,77980,123456790123456790123456790123456790145670,27800,20250,12349090,4650
n0--E6-E8-zPS3,TCATTCAGATGCGATTTTAAGAACAGGCATAGTTGGGAGGA,51840,123456790123456790123456790123456790153950,20730,2840,12351160,480
n0--E8-E10-zPS3,TAAGAGCAAATGTTTAGACTGGATAGGAAGCCTTGGGAGGA,23820,123456790123456790123456790123456790183070,12620,7430,12366830,1590
n0--E10-E12-zPS3,CGAAAGACTTTGATAAGAGGTCATATTTCGCATTGGGAGGA,301440,123456790123456790123456790123456790195450,145430,2190,12362270,600
n0--E12-E14-zPS3,AATGGTCAACAGGCAAGGCAAAGAGTAATGTGTTGGGAGGA,259920,123456790123456790123456790123456792648230,130750,127380,12353380,240
n0--E14-E16-zPS3,TAGGTAAACTATTTTTGAGAGATCAAACGTTATTGGGAGGA,1522180,123456790123456790123456790123456790244330,139950,4200,12353020,360
n0--E16-E18-zPS3,ATATTTTGGCTTTCATCAACATTATCCAGCCATTGGGAGGA,286960,123456790123456790123456790123456790209730,138180,131820,12349090,3540
n0--E18-E20-zPS3,GCTTTCCGATTACGCCAGCTGGCGGCTGTTTCTTGGGAGGA,1234567946780,123456790123456790123456790123456790195930,1258100,5600,12349690,3660
n0--E20-E22-zPS3,CTGTGTGATTGCGTTGCGCTCACTAGAGTTGCTTGGGAGGA,66940,123456790123456790123456790123456790689010,22230,3020,12350320,1710
n0--E22-E24-zPS3,AGCAAGCGTAGGGTTGAGTGTTGTAGGGAGCCTTGGGAGGA,40580,123456790123456790123456790123456792904010,21070,17300,12479170,1470
n0--F3-F1-zPS3,AAGGCCGCTGATACCGATAGTTGCGACGTTAGTTGGGAGGA,35540,123456790123456790123456790123456792638210,6350,1870,12351040,840
n0--F5-F3-zPS3,GACCTGCTCTTTGACCCCCAGCGAGGGAGTTATTGGGAGGA,60080,123456790123456790123456790123456790464330,31020,18970,12486590,7350
n0--F7-F5-zPS3,ATTACCTTTGAATAAGGCTTGCCCAAATCCGCTTGGGAGGA,327940,123456790123456790123456790123456790394010,164610,130420,12350320,6000
n0--F9-F7-zPS3,AATAGTAAACACTATCATAACCCTCATTGTGATTGGGAGGA,322000,123456790123456790123456790123456790189570,161710,30660,12348970,14410
n0--F11-F9-zPS3,TTGCTCCTTTCAAATATCGCGTTTGAGGGGGTTTGGGAGGA,360140,123456790123456790123456790123456790449010,168820,38330,12365360,25280
n0--F13-F11-zPS3,TAAATCATATAACCTGTTTAGCTAACCTTTAATTGGGAGGA,123586280,123456790123456790123456790123456792643610,53780,7490,12348730,3300
n0--F15-F13-zPS3,GAGGGTAGGATTCAAAAGGGTGAGACATCCAATTGGGAGGA,123499640,123456790123456790123456790123456790457590,34520,18340,12380760,2820
n0--F17-F15-zPS3,TGTAGCCATTAAAATTCGCATTAAATGCCGGATTGGGAGGA,368180,123456790123456790123456790123456814868590,160490,5840,12351310,960
n0--F19-F17-zPS3,TCTTCGCTGCACCGCTTCTGGTGCGGCCTTCCTTGGGAGGA,336000,123456790123456790123456790123456790271470,156750,17610,12349330,16720
n0--F21-F19-zPS3,CACATTAAAATTGTTATCCGCTCATGCGGGCCTTGGGAGGA,100800,123456790123456790123456790123456790146870,26990,6910,12350320,5400
n0--F23-F21-zPS3,GCCCGAGAGTCCACGCTGGTTTGCAGCTAACTTTGGGAGGA,74380,123456790123456790123456790123456790169570,26020,8100,12351790,4650
n0--E24-F23-zPS3,CCCGATTTAGAGCTTGACGGGGAAAAAGAATATTGGGAGGA,1294560,123456790123456790123456790123456790206730,25920,4220,12366200,1830
n0--H1-G2-zPS3,TCTAAAGTTTTGTCGTCTTTCCAGCCGACAATTGGGAGGA,3750320,12345679012345679012345679012345679036000,1259970,1242000,12349090,3900
n0--G2-G4-zPS3,TGACAACTCGCTGAGGCTTGCATTATACCATTGGGAGGA,43580,1234567901234567901234567901234567966150,10480,5570,12361550,1950
n0--G4-G6-zPS3,AGCGCGATGATAAATTGTGTCGTGACGAGATTGGGAGGA,73640,1234567901234567901234567901234567958150,19290,2440,12351040,240
n0--G6-G8-zPS3,AACACCAAATTTCAACTTTAATCGTTTACCTTGGGAGGA,1299780,1234567901234567901234567901234567952750,28640,16870,12348610,2430
n0--G8-G10-zPS3,AGACGACAAAGAAGTTTTGCCATAATTCGATTGGGAGGA,70000,1234567901234567901234567901234567928310,23710,5150,12349930,600
n0--G10-G12-zPS3,GCTTCAATCAGGATTAGAGAGTTATTTTCATTGGGAGGA,59620,1234567901234567901234567901234568009250,30570,14150,12365120,840
n0--G12-G14-zPS3,TTTGGGGATAGTAGTAGCATTAAAAGGCCGTTGGGAGGA,35960,1234567901234567901234567901234570664090,6450,1260,12365720,360
n0--G14-G16-zPS3,GAGACAGCTAGCTGATAAATTAATTTTTGTTTGGGAGGA,24691424220,1234567901234567901234567901234568021870,256890,3830,12350680,240
n0--G16-G18-zPS3,TAAATCAAAATAATTCGCGTCTCGGAAACCTTGGGAGGA,47240,1234567901234567901234567901234567961390,12190,6120,12351190,3540
n0--G18-G20-zPS3,AGGCAAAGGGAAGGGCGATCGGCAATTCCATTGGGAGGA,1311140,1234567901234567901234567901234568454650,34060,18230,12368540,2820
n0--G20-G22-zPS3,CACAACAGGTGCCTAATGAGTGCCCAGCAGTTGGGAGGA,71920,1234567901234567901234567901234568174010,36630,27850,12351670,3180
n0--G22-G24-zPS3,GCGAAAAATCCCTTATAAATCAAGCCGGCGTTGGGAGGA,2511920,1234567901234567901234567901234568192030,24290,18260,12349330,15640
n0--J1-H1-zPS3,TCCACAGACAGCCCTCATAGTTAGCGTAACGATTGGGAGGA,68500,123456790123456790123456790123456790162910,35060,19140,12349570,16630
n0--I2-H3-zPS3,TTAGGATTGGCTGAGACTCCTCAATAACCGATTTGGGAGGA,361580,123456790123456790123456790123456790214730,181650,139860,12364490,136510
n0--I4-H5-zPS3,TTGACAGGCCACCACCAGAGCCGCGATTTGTATTGGGAGGA,43460,123456790123456790123456790123456792623370,10700,5580,12352030,1440
n0--I6-H7-zPS3,GCAAGGCCTCACCAGTAGCACCATGGGCTTGATTGGGAGGA,2543740,123456790123456790123456790123456790415210,40600,19070,12352270,13540
n0--I8-H9-zPS3,TTATTACGAAGAACTGGCATGATTGCGAGAGGTTGGGAGGA,22780,123456790123456790123456790123456790180850,6200,2240,12363860,120
n0--I10-H11-zPS3,AGAGAGAAAAAAATGAAAATAGCAAGCAAACTTTGGGAGGA,51020,123456790123456790123456790123456793947570,26030,25100,12352150,120
n0--I12-H13-zPS3,CCAATAGCTCATCGTAGGAATCATGGCATCAATTGGGAGGA,1527080,123456790123456790123456790123456790273750,136050,129370,12362780,2430
n0--I14-H15-zPS3,GTAATAAGTTAGGCAGAGGCATTTATGATATTTTGGGAGGA,82100,123456790123456790123456790123456790448950,35650,13730,12363260,0
n0--I16-H17-zPS3,ATCGCAAGTATGTAAATGCTGATGATAGGAACTTGGGAGGA,263820,123456790123456790123456790123456790195450,132520,125040,12362900,480
n0--I18-H19-zPS3,AGAAAACAAAGAAGATGATGAAACAGGCTGCGTTGGGAGGA,14520,123456790123456790123456790123456790721010,7960,4960,12351640,120
n0--I20-H21-zPS3,GCAATTCACATATTCCTGATTATCAAAGTGTATTGGGAGGA,128780,123456790123456790123456790123456790200430,53030,30310,12348970,14170
n0--I22-H23-zPS3,TCAATATCGAACCTCAAATATCAATTCCGAAATTGGGAGGA,411380,123456790123456790123456790123456792977890,176260,155270,12349090,16000
n0--H3-I2-zPS3,ATATTCGGAACCATCGCCCACGCAGAGAAGGATTGGGAGGA,55620,123456790123456790123456790123456790183370,22350,17150,12366590,2550
n0--H5-I4-zPS3,TCATCGCCAACAAAGTACAACGGACGCCAGCATTGGGAGGA,51360,123456790123456790123456790123456790440670,20410,18020,12351430,1200
n0--H7-I6-zPS3,GATGGTTTGAACGAGTAGTAAATTTACCATTATTGGGAGGA,12345949120,123456790123456790123456790123456790178630,259350,5180,12350920,360
n0--H9-I8-zPS3,CTTTTGCAGATAAAAACCAAAATAAAGACTCCTTGGGAGGA,428800,123456790123456790123456790123456790482090,209190,40260,12349330,25280
n0--H11-I10-zPS3,CCAACAGGAGCGAACCAGACCGGAGCCTTTACTTGGGAGGA,52320,123456790123456790123456790123456790468770,21130,17230,12387700,2670
n0--H13-I12-zPS3,TTCTACTACGCGAGCTGAAAAGGTTACCGCGCTTGGGAGGA,94380,123456790123456790123456790123456790200190,23770,5710,12351670,1080
n0--H15-I14-zPS3,CAACCGTTTCAAATCACCATCAATTCGAGCCATTGGGAGGA,77080,123456790123456790123456790123456790225350,27250,21020,12349960,2040
n0--H17-I16-zPS3,GCCATCAAGCTCATTTTTTAACCACAAATCCATTGGGAGGA,85480,123456790123456790123456790123456790470270,31530,12930,12348730,4890
n0--H19-I18-zPS3,CAACTGTTGCGCCATTCGCCATTCAAACATCATTGGGAGGA,86060,123456790123456790123456790123457037110090,37590,7730,12348610,1560
n0--H21-I20-zPS3,AAGCCTGGTACGAGCCGGAAGCATAGATGATGTTGGGAGGA,38540,123456790123456790123456790123456790219650,7900,4020,12353740,1830
n0--H23-I22-zPS3,TCGGCAAATCCTGTTTGATGGTGGACCCTCAATTGGGAGGA,1357700,123456790123456790123456790123456790154970,63630,44690,12352150,27980
n0--G24-I24-zPS3,AACGTGGCGAGAAAGGAAGGGAAACCAGTAATTGGGAGGA,33560,12345679012345679012345679012345679164980,5380,2680,12379410,360
n0--J3-J1-zPS3,TATTAAGAAGCGGGGTTTTGCTCGTAGCATTTGGGAGGA,48060,1234567901234567901234567901234567954970,18540,2560,12352270,1350
n0--J5-J3-zPS3,CACCAGAAAGGTTGAGGCAGGTCATGAAAGTTGGGAGGA,1250280,1234567901234567901234567901234568247030,9930,3040,12364970,600
n0--J7-J5-zPS3,CAGCAAAAGGAAACGTCACCAATGAGCCGCTTGGGAGGA,55200,1234567901234567901234567901234567952030,22240,19260,12363770,1080
n0--J9-J7-zPS3,ATACCCAACAGTATGTTAGCAAATTAGAGCTTGGGAGGA,332460,1234567901234567901234567901234567942430,154860,127580,12350320,1830
n0--J11-J9-zPS3,TTAACGTCTAACATAAAAACAGGTAACGGATTGGGAGGA,41720,1234567901234567901234567901234568275250,9480,2160,12352660,360
n0--J13-J11-zPS3,TTTTATTTAAGCAAATCAGATATTTTTTGTTTGGGAGGA,147100,1234567901234567901234567901234568587890,62340,13730,12349090,240
n0--J15-J13-zPS3,CATGTAATAGAATATAAAGTACCAAGCCGTTTGGGAGGA,88500,1234567901234567901234567901234567947830,20750,15730,12349210,720
n0--J17-J15-zPS3,TATAACTAACAAAGAACGCGAGAACGCCAATTGGGAGGA,123490580,1234567901234567901234567901234592641390,17850,15180,12350560,480
n0--J19-J17-zPS3,CTGAGCAAAAATTAATTACATTTTGGGTTATTGGGAGGA,125221300,1234567901234567901234567901234568452730,273290,6170,12351670,120
n0--J21-J19-zPS3,ATTATCATTCAATATAATCCTGACAATTACTTGGGAGGA,369040,1234567901234567901234567901234567979170,167080,17510,12348850,14290
n0--J23-J21-zPS3,ACCTTGCTTGGTCAGTTGGCAAAGAGCGGATTGGGAGGA,49760,1234567901234567901234567901234568019950,25610,3900,12353500,1830
n0--I24-J23-zPS3,TAAAAGGGACATTCTGGCCAACAAAGCATCTTGGGAGGA,1274060,1234567901234567901234567901234567980670,21750,18000,12364130,1080
n0--L1-K2-zPS3,TCACCAGTACAAACTACAACGCCTAGTACCAGTTGGGAGGA,158600,123456790123456790123456790123456793105350,62070,31960,12348970,2550
n0--K2-K4-zPS3,GCGGATAACCTATTATTCTGAAACAGACGATTTTGGGAGGA,68860,123456790123456790123456790123456790175210,35190,5580,12352030,1830
n0--K4-K6-zPS3,GGCCTTGAAGAGCCACCACCCTCAGAAACCATTTGGGAGGA,69300,123456790123456790123456790123456790424330,29540,22220,12351040,16600
n0--K6-K8-zPS3,CGATAGCATTGAGCCATTTGGGAACGTAGAAATTGGGAGGA,62980,123456790123456790123456790123456792667810,20170,16260,12364610,360
n0--K8-K10-zPS3,ATACATACCGAGGAAACGCAATAAGAAGCGCATTGGGAGGA,45960,123456790123456790123456790123456790443850,17390,14180,12474010,360
n0--K10-K12-zPS3,TTAGACGGCCAAATAAGAAACGATAGAAGGCTTTGGGAGGA,277300,123456790123456790123456790123456790201570,133270,128950,12351760,480
n0--K12-K14-zPS3,TATCCGGTCTCATCGAGAACAAGCGACAAAAGTTGGGAGGA,75160,123456790123456790123456790123456790170530,26340,9170,12351040,4410
n0--K14-K16-zPS3,GTAAAGTAATCGCCATATTTAACAAAACTTTTTTGGGAGGA,625640,123456790123456790123456790123456790455190,301450,156310,12348730,720
n0--K16-K18-zPS3,TCAAATATAACCTCCGGCTTAGGTAACAATTTTTGGGAGGA,390160,123456790123456790123456790123456790194250,171790,154090,12350440,125400
n0--K18-K20-zPS3,CATTTGAAGGCGAATTATTCATTTTTGTTTGGTTGGGAGGA,74300,123456790123456790123456790123456790539730,31890,1260,12350920,240
n0--K20-K22-zPS3,ATTATACTAAGAAACCACCAGAAGTCAACAGTTTGGGAGGA,61440,123456790123456790123456790123456790193230,25590,20810,12349570,1080
n0--K22-K24-zPS3,TGAAAGGAGCAAATGAAAAATCTAGAGATAGATTGGGAGGA,3738320,123456790123456790123456790123456790553790,1253790,1238460,12375960,360
n0--L3-L1-zPS3,TTTCGGAAGTGCCGTCGAGAGGGTGAGTTTCGTTGGGAGGA,30880,123456790123456790123456790123456790440290,10170,3060,12368060,1080
n0--L5-L3-zPS3,CCACCCTCTATTCACAAACAAATACCTGCCTATTGGGAGGA,95400,123456790123456790123456790123456790638450,48450,34640,12348610,17710
n0--L7-L5-zPS3,TCACCGACGCACCGTAATCAGTAGCAGAACCGTTGGGAGGA,17340,123456790123456790123456790123456790659470,9340,5610,12349450,1560
n0--L9-L7-zPS3,AAGGAAACATAAAGGTGGCAACATTATCACCGTTGGGAGGA,84060,123456790123456790123456790123456790439650,42740,15580,12364130,600
n0--L11-L9-zPS3,ATCCCAATGAGAATTAACTGAACAGTTACCAGTTGGGAGGA,5228000,123456790123456790123456790123456790395990,2602950,1363280,12350680,14410
n0--L13-L11-zPS3,GTACCGCAATTCTAAGAACGCGAGTATTATTTTTGGGAGGA,84260,123456790123456790123456790123456790195990,24700,3470,12350320,720
n0--L15-L13-zPS3,AATTGAGAATTCTGTCCAGACGACTAAACCAATTGGGAGGA,247264420,123456790123456790123456790123456790438450,195150,153290,12350800,3420
n0--L17-L15-zPS3,ACCTTTTTATTTTAGTTAATTTCATAGGGCTTTTGGGAGGA,45680,123456790123456790123456790123456790801150,11770,2900,12351550,1830
n0--L19-L17-zPS3,CGCGCAGATTACCTTTTTTAATGGGAGAGACTTTGGGAGGA,69320,123456790123456790123456790123456792946770,17680,2910,12475600,1590
n0--L21-L19-zPS3,GCGGAACATCTGAATAATGGAAGGTACAAAATTTGGGAGGA,1285440,123456790123456790123456790123456790189490,21400,18010,12355480,360
n0--L23-L21-zPS3,AGCCAGCAATTGAGGAAGGTTATCATCATTTTTTGGGAGGA,1254780,123456790123456790123456790123456790916150,12240,4510,12475240,840
n0--K24-L23-zPS3,ACCCTTCTGACCTGAAAGCGTAAGACGCTGAGTTGGGAGGA,271200,123456790123456790123456790123456790218930,136550,6420,12350920,4770
n0--N1-M2-zPS3,AGGAACCCATGTACCGTAACACTTGATATAATTGGGAGGA,99940,12345679012345679012345679012345679062420,20560,14750,12362540,2190
n0--M2-M4-zPS3,GTATAGCAAACAGTTAATGCCCAATCCTCATTGGGAGGA,2781340,1234567901234567901234567901234567915770,1379290,1374480,12348850,126630
n0--M4-M6-zPS3,TTAAAGCCAGAGCCGCCACCCTCGACAGAATTGGGAGGA,77780,1234567901234567901234567901234567989810,21610,18390,12350800,15130
n0--M6-M8-zPS3,TCAAGTTTCATTAAAGGTGAATATAAAAGATTGGGAGGA,88340,1234567901234567901234567901234567978870,26860,4510,12350800,480
n0--M8-M10-zPS3,AACGCAAAGATAGCCGAACAAACCCTGAACTTGGGAGGA,17340,1234567901234567901234567901234567973230,9340,8060,12349570,3300
n0--M10-M12-zPS3,AAAGTCACAAAATAAACAGCCAGCGTTTTATTGGGAGGA,2539120,1234567901234567901234567901234567954490,1270220,1238830,12348970,600
n0--M12-M14-zPS3,GCGAACCTCCAAGAACGGGTATGACAATAATTGGGAGGA,320900,1234567901234567901234567901234567943150,155080,150550,12351160,125040
n0--M14-M16-zPS3,ACAACATGCCAACGCTCAACAGTCTTCTGATTGGGAGGA,57240,1234567901234567901234567901234568212090,23360,19460,12348970,2430
n0--M16-M18-zPS3,CCTAAATCAAAATCATAGGTCTAAACAGTATTGGGAGGA,46400,1234567901234567901234567901234570639170,23920,8560,12350200,2310
n0--M18-M20-zPS3,CATAAATCTTTGAATACCAAGTGTTAGAACTTGGGAGGA,2492280,1234567901234567901234567901234567922910,1246890,1237680,12349330,840
n0--M20-M22-zPS3,CTACCATAGTTTGAGTAACATTTAAAATATTTGGGAGGA,124745720,1234567901234567901234567901234567976950,41540,17660,12350080,480
n0--M22-M24-zPS3,CTTTAGGGCCTGCAACAGTGCCAATACGTGTTGGGAGGA,327140,1234567901234567901234567901234567923930,146250,138630,12351550,1950
n0--N3-N1-zPS3,GCCCGTATCCGGAATAGGTGTATCAGCCCAATTTGGGAGGA,1519060,123456790123456790123456790123456790415990,138070,130700,12352780,6240
n0--N5-N3-zPS3,GCCTCCCTCAGAATGGAAAGCGCAGTAACAGTTTGGGAGGA,2524260,123456790123456790123456790123456790195270,1256910,1252600,12351910,1248730
n0--N7-N5-zPS3,GAAATTATTGCCTTTAGCGTCAGACCGGAACCTTGGGAGGA,45860,123456790123456790123456790123456790173290,11660,4860,12351910,3540
n0--N9-N7-zPS3,AAGTAAGCAGACACCACGGAATAATATTGACGTTGGGAGGA,1282860,123456790123456790123456790123456790176470,20140,4290,12352030,360
n0--N11-N9-zPS3,GCCAGTTAGAGGGTAATTGAGCGCTTTAAGAATTGGGAGGA,1313240,123456790123456790123456790123456790420850,23300,15020,12364610,480
n0--N13-N11-zPS3,CTTATCATTCCCGACTTGCGGGAGCCTAATTTTTGGGAGGA,301440,123456790123456790123456790123456790417670,145430,16900,12473890,15880
n0--N15-N13-zPS3,AGTATAAAGTTCAGCTAATGCAGATGTCTTTCTTGGGAGGA,78560,123456790123456790123456790123456790170050,22010,4680,12349330,1080
n0--N17-N15-zPS3,GAATTTATTTAATGGTTTGAAATATTCTTACCTTGGGAGGA,1587780,123456790123456790123456790123456790436810,166610,4050,12349450,1830
n0--N19-N17-zPS3,CCTGATTGCAATATATGTGAGTGATCAATAGTTTGGGAGGA,126020100,123456790123456790123456790123456790466790,50740,4960,12350560,1710
n0--N21-N19-zPS3,ATTTTAAAATCAAAATTATTTGCACGGATTCGTTGGGAGGA,12346081700,123456790123456790123456790123456790441070,313420,4170,12351190,480
n0--N23-N21-zPS3,TTAACACCAGCACTAACAACTAATCGTTATTATTGGGAGGA,114160,123456790123456790123456790123456790886370,51910,20550,12348730,840
n0--M24-N23-zPS3,GCACAGACAATATTTTTGAATGGGGTCAGTATTGGGAGGA,1499520,12345679012345679012345679012345679112740,134540,125920,12352390,240
n0--P1-O2-zPS3,CCACCCTCATTTTCAGGGATAGCAACCGTACTTTGGGAGGA,77600,123456790123456790123456790123456790174010,33700,18610,12363770,15130
n0--O2-O4-zPS3,CAGGAGGTGGGGTCAGTGCCTTGAGTCTCTGATTGGGAGGA,51560,123456790123456790123456790123456790462270,26580,16630,12489530,3420
n0--O4-O6-zPS3,ATTTACCGGGAACCAGAGCCACCACTGTAGCGTTGGGAGGA,35260,123456790123456790123456790123456790219950,12470,7130,12364130,1560
n0--O6-O8-zPS3,CGTTTTCAAGGGAGGGAAGGTAAAGTTTATTTTTGGGAGGA,48380,123456790123456790123456790123456793034310,24930,6280,13601270,240
n0--O8-O10-zPS3,TGTCACAATCTTACCGAAGCCCTTTAATATCATTGGGAGGA,75100,123456790123456790123456790123456790144170,26260,18700,12348970,4020
n0--O10-O12-zPS3,GAGAGATAGAGCGTCTTTCCAGAGGTTTTGAATTGGGAGGA,37060,123456790123456790123456790123456790284730,13410,6450,12366080,2940
n0--O12-O14-zPS3,GCCTTAAACCAATCAATAATCGGCACGCGCCTTTGGGAGGA,86960,123456790123456790123456790123456790435270,25960,19810,12348970,3780
n0--O14-O16-zPS3,GTTTATCAATATGCGTTATACAAACCGACCGTTTGGGAGGA,319660,123456790123456790123456790123456790241450,148340,126820,12348850,960
n0--O16-O18-zPS3,GTGATAAAAAGACGCTGAGAAGAGATAACCTTTTGGGAGGA,286940,123456790123456790123456790123456790476870,144300,142360,12352510,1590
n0--O18-O20-zPS3,GCTTCTGTTCGGGAGAAACAATAACGTAAAACTTGGGAGGA,79340,123456790123456790123456790123456790423610,34480,4720,12473890,840
n0--O20-O22-zPS3,AGAAATAAAAATCCTTTGCCCGAAAGATTAGATTGGGAGGA,128540,123456790123456790123456790123456790477590,64830,30210,12349930,15400
n0--O22-O24-zPS3,GCCGTCAAAAAACAGAGGTGAGGCCTATTAGTTTGGGAGGA,1306780,123456790123456790123456790123456790482410,38180,30000,12374250,2070
n0--P3-P1-zPS3,GTTTTAACTTAGTACCGCCACCCAGAGCCATTGGGAGGA,67540,1234567901234567901234567901234567949330,22600,16910,12350200,2910
n0--P5-P3-zPS3,AAATCACCTTCCAGTAAGCGTCAGTAATAATTGGGAGGA,35920,1234567901234567901234567901234570411850,12690,9250,12348970,4530
n0--P7-P5-zPS3,ACCGATTGTCGGCATTTTCGGTCATAATCATTGGGAGGA,309340,1234567901234567901234567901234568018210,155150,3840,12349570,1320
n0--P9-P7-zPS3,AATAGCTATCAATAGAAAATTCAACATTCATTGGGAGGA,123549320,1234567901234567901234567901234568465830,53250,18030,12349090,840
n0--P11-P9-zPS3,ACGCTAACACCCACAAGAATTGAAAATAGCTTGGGAGGA,108560,1234567901234567901234567901234567927350,42980,39070,12349330,1950
n0--P13-P11-zPS3,TGTAGAAATCAAGATTAGTTGCTCTTACCATTGGGAGGA,73420,1234567901234567901234567901234567921950,37440,6610,12349450,2070
n0--P15-P13-zPS3,TTAGTATCACAATAGATAAGTCCACGAGCATTGGGAGGA,67420,1234567901234567901234567901234567923150,34360,17390,12350560,2820
n0--P17-P15-zPS3,CTTAGATTTAAGGCGTTAAATAAAGCCTGTTTGGGAGGA,2590700,1234567901234567901234567901234567977190,1283880,5240,12350560,1590
n0--P19-P17-zPS3,CTTTTACAAAATCGTCGCTATTAGCGATAGTTGGGAGGA,2559480,1234567901234567901234567901234567922190,1280220,15320,12349090,720
n0--P21-P19-zPS3,CTCGTATTAGAAATTGCGTAGATACAGTACTTGGGAGGA,1292700,1234567901234567901234567901234567970350,24870,6280,12349450,1470
n0--P23-P21-zPS3,CAGAAGATTAGATAATACATTTGTCGACAATTGGGAGGA,12346956180,1234567901234567901234567901234567957190,146800,129600,12349930,240
n0--O24-P23-zPS3,CTTTAATGCGCGAACTGATAGCCCCACCAGTTGGGAGGA,320000,1234567901234567901234567901234567917270,142700,140250,12349330,3660
